{"C": 87.84061698947416, "gamma": 0.6277186034715232}