{"C": 0.042504449782750385, "gamma": 3.078528411494938}