{"learning_rate": 0.17626926235423893, "reg_lambda": 0.020185306752053548, "max_depth": 9, "min_child_weight": 36, "gamma": 2.9836574091935106, "reg_alpha": 0.7605340002683045}