{"learning_rate": 0.011045453253236628, "reg_lambda": 0.15333496004359473, "max_depth": 9, "min_child_weight": 15, "gamma": 1.7094639582737672, "reg_alpha": 1.409361280842394e-08}