{"learning_rate": 0.29833659264434675, "reg_lambda": 0.001497072425981839, "max_depth": 9, "min_child_weight": 83, "gamma": 1.8031893978543796, "reg_alpha": 1.6424281917939004e-08}