{"learning_rate": 0.06421456292280009, "reg_lambda": 1.474137475537267e-08, "max_depth": 8, "min_child_weight": 72, "gamma": 0.028030765257318624, "reg_alpha": 0.00016289766703578003}