{"learning_rate": 0.24350718447918773, "reg_lambda": 0.0009545059697871882, "max_depth": 7, "min_child_weight": 85, "gamma": 4.206853279872119, "reg_alpha": 9.843220898555758e-06}