{"learning_rate": 0.011393796858988637, "reg_lambda": 13.780648264288043, "max_depth": 10, "min_child_weight": 2, "gamma": 1.9085900655505168, "reg_alpha": 9.405405786228064}