{"C": 45.82233865067229, "gamma": 0.8100242540502144}